proveedor,ciudad,codigo,precio_desde,moneda,rating,opiniones,cancelacion,publicada,url
"getyourguide","barcelona","t1014836","20","EUR","4.9","117","gratis 24h","si","https://www.getyourguide.com/barcelona-l45/barcelona-walk-like-a-local-el-born-gothic-15-sights-t1014836/"
"getyourguide","barcelona","t1177","50","EUR","4.6","7706","gratis 24h","no","https://www.getyourguide.com/barcelona-l45/barcelona-montserrat-tour-with-rack-railway-and-virgin-la-moreneta-t1177/"
"getyourguide","barcelona","t1187145","160","EUR","4.6","","gratis 24h","no","https://www.getyourguide.es/barcelona-l45/tour-privado-por-la-sagrada-familia-descubre-la-perspectiva-de-gaudi-t1187145/"
"getyourguide","barcelona","t168768","64","EUR","4.5","377","no reembolsable","si","https://www.getyourguide.es/barcelona-l45/casa-batllo-night-visit-with-live-music-on-the-roof-terrace-t168768/"
"getyourguide","barcelona","t217593","28","EUR","4.6","571","gratis 24h","no","https://www.getyourguide.es/barcelona-l45/barcelona-park-guell-guided-tour-t217593/"
"getyourguide","barcelona","t231887","88","EUR","4.8","2125","gratis 24h","si","https://www.getyourguide.es/barcelona-l45/barcelona-flamenco-show-with-tapas-dinner-t231887/"
"getyourguide","barcelona","t2323","27.3","EUR","4","885","gratis 24h","no","https://www.getyourguide.es/barcelona-l45/park-guell-guided-tour-with-skip-the-line-entry-t2323/"
"getyourguide","barcelona","t243552","42","EUR","4.6","2449","gratis 24h","no","https://www.getyourguide.com/barcelona-l45/montserrat-full-day-tour-with-optional-tickets-t243552/"
"getyourguide","barcelona","t288805","47","EUR","4.8","13565","gratis 24h","no","https://www.getyourguide.es/barcelona-l45/barcelona-visita-y-ticket-de-entrada-sin-colas-a-la-sagrada-familia-t288805/"
"getyourguide","barcelona","t29293","55","EUR","4.4","5559","gratis 24h","no","https://www.getyourguide.es/barcelona-l45/sagrada-familia-saltate-la-cola-t29293/"
"getyourguide","barcelona","t297915","41","EUR","4.7","3416","gratis 24h","no","https://www.getyourguide.com/barcelona-l45/montserrat-half-day-trip-with-basilica-t297915/"
"getyourguide","barcelona","t355905","59","EUR","4.6","1454","gratis 24h","no","https://www.getyourguide.es/barcelona-l45/barcelona-tour-de-la-sagrada-familia-con-ticket-de-entrada-sin-colas-t355905/"
"getyourguide","barcelona","t356790","128","EUR","4.6","331","gratis 24h","si","https://www.getyourguide.es/barcelona-l45/barcelona-the-3-gaudi-houses-tour-t356790/"
"getyourguide","barcelona","t381019","40","EUR","4.5","3552","gratis 24h","si","https://www.getyourguide.es/barcelona-l45/barcelona-skip-the-line-guided-tour-of-picasso-museum-t381019/"
"getyourguide","barcelona","t382639","47","EUR","4.8","6154","gratis 24h","si","https://www.getyourguide.com/barcelona-l45/barcelona-montserrat-rack-railway-and-winery-t382639/"
"getyourguide","barcelona","t398519","31","EUR","4.7","27982","no reembolsable","si","https://www.getyourguide.es/barcelona-l45/barcelona-casa-batllo-10d-experience-t398519/"
"getyourguide","barcelona","t405115","30","EUR","4.6","919","gratis 24h","si","https://www.getyourguide.es/barcelona-l45/barcelona-flamenco-show-at-palau-dalmases-t405115/"
"getyourguide","barcelona","t411899","68","EUR","4.9","1033","gratis 24h","no","https://www.getyourguide.com/barcelona-l45/from-barcelona-montserrat-monastery-and-scenic-mountain-tour-t411899/"
"getyourguide","barcelona","t419045","29","EUR","4.7","19407","gratis 24h","no","https://www.getyourguide.es/barcelona-l45/barcelona-park-guell-guided-tour-t419045/"
"getyourguide","barcelona","t428189","21","EUR","4.5","1916","no reembolsable","si","https://www.getyourguide.es/barcelona-l45/barcelona-cathedral-of-barcelona-entry-ticket-t428189/"
"getyourguide","barcelona","t448358","38","EUR","4.8","271","gratis 24h","si","https://www.getyourguide.com/barcelona-l45/barcelona-ramblas-old-town-gaudi-houses-walking-tour-t448358/"
"getyourguide","barcelona","t449261","28","EUR","4.3","12092","no reembolsable","si","https://www.getyourguide.es/barcelona-l45/barcelona-barca-immersive-exhibition-ticket-t449261/"
"getyourguide","barcelona","t50027","34","EUR","4.6","113748","gratis 48h","si","https://www.getyourguide.es/barcelona-l45/sagrada-familia-ticket-de-entrada-sin-colas-t50027/"
"getyourguide","barcelona","t53791","23","EUR","4.4","81572","no reembolsable","si","https://www.getyourguide.es/barcelona-l45/skip-the-line-park-guell-entrance-ticket-t53791/"
"getyourguide","barcelona","t57039","74","EUR","4.9","1146","gratis 24h","no","https://www.getyourguide.com/barcelona-l45/montserrat-easy-hike-and-monastery-day-trip-t57039/"
"getyourguide","barcelona","t597287","26","EUR","4.4","1851","gratis 24h","no","https://www.getyourguide.es/barcelona-l45/barcelona-park-guell-guided-tour-with-skip-the-line-entry-t597287/"
"getyourguide","barcelona","t61664","20","EUR","4.8","1582","gratis 24h","si","https://www.getyourguide.es/barcelona-l45/barcelona-old-town-and-gothic-quarter-walking-tour-t61664/"
"getyourguide","barcelona","t638978","26","EUR","4.5","205","gratis 24h","si","https://www.getyourguide.es/barcelona-l45/barcelona-cathedral-of-barcelona-ticket-with-guided-tour-and-vr-experience-t638978/"
"getyourguide","barcelona","t663776","25.99","EUR","4.7","5637","gratis 24h","no","https://www.getyourguide.es/barcelona-l45/gaudi-s-park-guell-guided-tour-with-fast-track-ticket-t663776/"
"getyourguide","barcelona","t67263","48","EUR","4.6","4617","gratis 24h","si","https://www.getyourguide.es/barcelona-l45/barcelona-tablao-flamenco-cordobes-with-fooddrink-options-t67263/"
"getyourguide","barcelona","t682388","31","EUR","4.4","1930","no reembolsable","si","https://www.getyourguide.es/barcelona-l45/barcelona-casa-batllo-intimate-night-visit-w-welcome-drink-t682388/"
"getyourguide","barcelona","t700918","49","EUR","4.2","979","no reembolsable","si","https://www.getyourguide.es/barcelona-l45/barcelona-all-included-fc-barcelona-museum-total-experience-t700918/"
"getyourguide","barcelona","t72879","75","EUR","4.4","5518","gratis 24h","si","https://www.getyourguide.es/barcelona-l45/barcelona-visita-a-la-sagrada-familia-y-visita-opcional-a-la-torre-t72879/"
"getyourguide","barcelona","t76003","25","EUR","4.5","11305","gratis 24h","si","https://www.getyourguide.es/barcelona-l45/barcelona-flamenco-show-at-the-theater-t76003/"
"getyourguide","barcelona","t808734","40","EUR","4.6","158","gratis 24h","si","https://www.getyourguide.es/barcelona-l45/barcelona-skip-the-line-guided-tour-of-the-picasso-museum-t808734/"
"getyourguide","barcelona","t826796","30","EUR","4.5","7565","no reembolsable","si","https://www.getyourguide.es/barcelona-l45/barcelona-park-guell-and-gaudi-house-museum-entry-ticket-t826796/"
"getyourguide","barcelona","t87947","119","EUR","4.8","1184","gratis 24h","no","https://www.getyourguide.com/barcelona-l45/barcelona-park-guell-y-sagrada-familia-entradas-y-tour-t87947/"
"getyourguide","barcelona","t906191","34.04","EUR","4.8","47","gratis 24h","si","https://www.getyourguide.com/barcelona-l45/barcelona-picasso-walking-tour-guided-museum-experience-t906191/"
"getyourguide","barcelona","t913286","25","EUR","4.7","18195","gratis 24h","si","https://www.getyourguide.es/barcelona-l45/barcelona-la-pedrera-casa-mila-ticket-audio-guide-option-t913286/"
"getyourguide","barcelona","t913305","39.5","EUR","4.4","4913","gratis 24h","si","https://www.getyourguide.es/barcelona-l45/barcelona-la-pedrera-night-experience-t913305/"
"getyourguide","barcelona","t913306","39.5","EUR","4.8","220","gratis 24h","si","https://www.getyourguide.es/barcelona-l45/barcelona-casa-mila-early-morning-access-guided-tour-t913306/"
"getyourguide","barcelona","t949030","26","EUR","4.5","176","gratis 24h","si","https://www.getyourguide.es/barcelona-l45/barcelona-private-cathedral-tour-with-rooftop-t949030/"
"getyourguide","granada","t1002737","45","EUR","4.5","860","gratis 24h","si","https://www.getyourguide.es/granada-l207/granada-bano-tradicional-en-hammam-palacio-nazari-con-masaje-opcional-t1002737/"
"getyourguide","granada","t1263762","42","EUR","4.5","0","gratis 24h","si","https://www.getyourguide.es/granada-l207/granada-tour-gourmet-de-vino-y-tapas-t1263762/"
"getyourguide","granada","t152952","135","EUR","4.5","34","gratis 24h","si","https://www.getyourguide.es/granada-l207/desde-granada-tour-de-dia-completo-por-ronda-t152952/"
"getyourguide","granada","t153792","135","EUR","4.5","0","gratis 24h","si","https://www.getyourguide.es/granada-l207/desde-granada-excursion-de-1-dia-a-ubeda-y-baeza-t153792/"
"getyourguide","granada","t158852","135","EUR","4.8","59","gratis 24h","si","https://www.getyourguide.es/granada-l207/caminito-del-rey-desde-granada-t158852/"
"getyourguide","granada","t159257","115","EUR","4.7","224","gratis 24h","si","https://www.getyourguide.es/granada-l207/excursion-de-un-dia-por-la-alpujarra-desde-granada-t159257/"
"getyourguide","granada","t165483","36","EUR","4.8","413","gratis 24h","si","https://www.getyourguide.es/granada-l207/granada-visita-a-la-catedral-y-la-capilla-t165483/"
"getyourguide","granada","t171177","65","EUR","4.8","890","no reembolsable","si","https://www.getyourguide.es/granada-l207/visita-a-la-alhambra-con-palacios-nazaries-y-albaicin-sacromonte-t171177/"
"getyourguide","granada","t171748","18","EUR","4.5","2256","no reembolsable","si","https://www.getyourguide.es/granada-l207/granada-entrada-sin-colas-a-la-alhambra-y-el-generalife-t171748/"
"getyourguide","granada","t181145","96","EUR","4.8","432","no reembolsable","si","https://www.getyourguide.es/granada-l207/granada-visita-guiada-sin-esperas-a-la-alhambra-y-los-palacios-nazaries-t181145/"
"getyourguide","granada","t184220","15","EUR","4.9","3200","gratis 24h","si","https://www.getyourguide.es/granada-l207/granada-tour-a-pie-de-25-horas-por-el-albaicin-y-el-sacromonte-t184220/"
"getyourguide","granada","t221412","54","EUR","4.9","288","no reembolsable","si","https://www.getyourguide.es/granada-l207/granada-visita-nocturna-a-la-alhambra-y-palacios-nazaries-t221412/"
"getyourguide","granada","t285662","50","EUR","4.7","3516","no reembolsable","si","https://www.getyourguide.es/granada-l207/granada-entrada-a-la-alhambra-y-tour-guiado-con-los-palacios-nazaries-t285662/"
"getyourguide","granada","t33381","70","EUR","4.8","1724","gratis 24h","si","https://www.getyourguide.es/granada-l207/bano-hammam-solo-granada-t33381/"
"getyourguide","granada","t387418","18","EUR","4.7","5481","gratis 24h","si","https://www.getyourguide.es/granada-l207/granada-espectaculo-flamenco-en-la-alborea-t387418/"
"getyourguide","granada","t404960","18","EUR","4.8","435","gratis 24h","si","https://www.getyourguide.es/granada-l207/granada-espectaculo-flamenco-tradicional-en-el-tablao-casa-ana-t404960/"
"getyourguide","granada","t41379","71","EUR","4.7","320","gratis 24h","si","https://www.getyourguide.es/granada-l207/excursion-de-un-dia-a-la-alpujarra-desde-granada-t41379/"
"getyourguide","granada","t42370","19","EUR","4.7","1431","gratis 24h","si","https://www.getyourguide.es/granada-l207/granada-espectaculo-de-flamenco-en-el-albayzin-jardines-de-zoraya-t42370/"
"getyourguide","granada","t42922","75","EUR","4.9","1718","gratis 24h","si","https://www.getyourguide.es/granada-l207/desde-granada-safari-por-sierra-nevada-hasta-los-2500-metros-de-altura-t42922/"
"getyourguide","granada","t48015","54","EUR","4.6","288","gratis 24h","si","https://www.getyourguide.es/granada-l207/granada-espectaculo-de-flamenco-con-cena-en-jardines-de-zoraya-t48015/"
"getyourguide","granada","t48474","28","EUR","4.5","2093","gratis 24h","si","https://www.getyourguide.es/granada-l207/espectaculo-flamenco-sacromonte-entradas-cuevas-los-tarantos-t48474/"
"getyourguide","granada","t48872","75","EUR","4.7","8443","no reembolsable","si","https://www.getyourguide.es/granada-l207/sin-colas-palacio-de-la-alhambra-y-jardines-del-generalife-t48872/"
"getyourguide","granada","t517606","83.78","EUR","4.9","1018","no reembolsable","si","https://www.getyourguide.es/granada-l207/alhambra-y-palacios-nazaries-tour-guiado-con-entradas-t517606/"
"getyourguide","granada","t54011","54","EUR","4.7","21100","no reembolsable","si","https://www.getyourguide.es/granada-l207/saltate-la-cola-visita-guiada-a-la-alhambra-y-el-generalife-t54011/"
"getyourguide","granada","t632032","23","EUR","4.7","1107","gratis 24h","si","https://www.getyourguide.es/granada-l207/granada-espectaculo-flamenco-en-la-cueva-los-amayas-en-el-sacromonte-t632032/"
"getyourguide","granada","t636799","20","EUR","4.6","1286","gratis 24h","si","https://www.getyourguide.es/granada-l207/granada-espectaculo-flamenco-zincale-en-las-cuevas-del-sacromonte-t636799/"
"getyourguide","granada","t70427","280","EUR","4.9","242","no reembolsable","si","https://www.getyourguide.es/granada-l207/skip-the-line-alhambra-generalife-tour-privado-t70427/"
"getyourguide","granada","t73427","36","EUR","4.7","312","gratis 24h","si","https://www.getyourguide.es/granada-l207/granada-visita-en-grupo-a-la-catedral-y-la-capilla-real-en-espanol-t73427/"
"getyourguide","granada","t840866","18","EUR","4.7","503","gratis 24h","si","https://www.getyourguide.es/granada-l207/granada-espectaculo-flamenco-en-la-cueva-la-faraona-t840866/"
"getyourguide","granada","t855430","20","EUR","4.8","788","gratis 24h","si","https://www.getyourguide.es/granada-l207/granada-espectaculo-flamenco-sensaciones-en-el-teatro-flamenco-granada-t855430/"
"getyourguide","granada","t98307","18","EUR","4.4","724","gratis 24h","si","https://www.getyourguide.es/granada-l207/granada-tour-a-pie-del-albaicin-y-el-sacromonte-t98307/"
"getyourguide","madrid","t1253280","58","EUR","4.5","9","gratis 24h","si","https://www.getyourguide.es/es-es/madrid-l46/madrid-visita-guiada-al-palacio-real-y-la-catedral-de-la-almudena-t1253280/"
"getyourguide","madrid","t127466","19","EUR","4.7","1482","gratis 24h","si","https://www.getyourguide.es/madrid-l46/madrid-tour-nocturno-de-inquisicion-fantasmas-y-leyendas-t127466/"
"getyourguide","madrid","t12804","135","EUR","5","96","gratis 24h","no","https://www.getyourguide.com/madrid-l46/tour-nocturno-personalizado-de-tapas-y-bebidas-tradicionales-de-madrid-t12804/"
"getyourguide","madrid","t166094","460","EUR","4.6","106","gratis 24h","si","https://www.getyourguide.es/madrid-l46/desde-madrid-excursion-de-dia-completo-a-avila-segovia-y-el-escorial-t166094/"
"getyourguide","madrid","t193784","80","EUR","4.9","113","gratis 24h","si","https://www.getyourguide.es/madrid-l46/madrid-visita-enogastronomica-a-pie-del-viejo-madrid-t193784/"
"getyourguide","madrid","t194657","42","EUR","4.5","23468","no reembolsable","si","https://www.getyourguide.es/madrid-l46/madrid-ticket-de-acceso-para-la-visita-al-bernabeu-t194657/"
"getyourguide","madrid","t19684","145","EUR","4.9","249","gratis 24h","si","https://www.getyourguide.es/madrid-l46/madrid-tour-guiado-por-bodegas-de-la-region-de-madrid-y-catas-t19684/"
"getyourguide","madrid","t200740","83","EUR","4.8","619","gratis 24h","no","https://www.getyourguide.es/madrid-l46/madrid-tour-guiado-de-tapas-y-vino-con-vistas-desde-una-azotea-t200740/"
"getyourguide","madrid","t288825","79","EUR","4.8","182","gratis 24h","no","https://www.getyourguide.com/madrid-l46/madrid-ultimate-local-markets-and-tapas-tour-t288825/"
"getyourguide","madrid","t362290","62","EUR","4.1","1532","gratis 24h","si","https://www.getyourguide.es/madrid-l46/madrid-visita-guiada-al-estadio-bernabeu-t362290/"
"getyourguide","madrid","t373120","375","EUR","4.1","16","gratis 24h","si","https://www.getyourguide.es/madrid-l46/madrid-visita-de-medio-dia-a-alcala-de-henares-t373120/"
"getyourguide","madrid","t378999","89","EUR","4.8","561","gratis 24h","si","https://www.getyourguide.es/madrid-l46/madrid-tour-de-un-dia-a-cuenca-y-la-ciudad-encantada-t378999/"
"getyourguide","madrid","t38212","35","EUR","4.9","65","gratis 24h","si","https://www.getyourguide.es/madrid-l46/25-horas-de-tapas-por-la-noche-en-madrid-t38212/"
"getyourguide","madrid","t391310","27","EUR","4.7","2188","gratis 24h","si","https://www.getyourguide.es/madrid-l46/madrid-territorio-atleti-y-tour-civitas-metropolitano-t391310/"
"getyourguide","madrid","t408853","46","EUR","4.6","1149","gratis 24h","si","https://www.getyourguide.es/madrid-l46/desde-madrid-excursion-de-un-dia-por-avila-y-segovia-t408853/"
"getyourguide","madrid","t409545","71","EUR","4.6","4805","gratis 24h","si","https://www.getyourguide.es/madrid-l46/madrid-excursion-de-un-dia-a-avila-y-segovia-con-entradas-a-monumentos-t409545/"
"getyourguide","madrid","t434716","40.95","EUR","5","59","gratis 24h","si","https://www.getyourguide.es/madrid-l46/tour-premium-por-el-palacio-real-con-entradas-y-sin-colas-t434716/"
"getyourguide","madrid","t434998","50","EUR","4.9","418","gratis 24h","si","https://www.getyourguide.es/madrid-l46/madrid-museo-reina-sofia-visita-guiada-solo-grupos-reducidos-t434998/"
"getyourguide","madrid","t469464","35","EUR","4.2","904","gratis 24h","si","https://www.getyourguide.es/madrid-l46/madrid-tour-turistico-en-autobus-grande-descapotable-con-guia-en-directo-t469464/"
"getyourguide","madrid","t479181","28","EUR","4.2","977","gratis 24h","si","https://www.getyourguide.es/madrid-l46/madrid-visita-panoramica-nocturna-en-big-bus-con-guia-en-directo-t479181/"
"getyourguide","madrid","t58181","82","EUR","4.5","579","gratis 24h","si","https://www.getyourguide.es/madrid-l46/desde-madrid-tour-de-1-dia-a-avila-y-salamanca-entradas-a-la-catedral-t58181/"
"getyourguide","madrid","t591591","38","EUR","4.8","4060","gratis 24h","si","https://www.getyourguide.es/madrid-l46/palacio-real-de-madrid-visita-guiada-sin-colas-t591591/"
"getyourguide","madrid","t610177","61","EUR","4.9","1448","gratis 24h","si","https://www.getyourguide.es/madrid-l46/taller-de-paella-y-sangria-en-el-centro-de-madrid-t610177/"
"getyourguide","madrid","t68374","30","EUR","4.5","10330","gratis 24h","si","https://www.getyourguide.es/madrid-l46/madrid-espectaculo-de-flamenco-con-opciones-culinarias-t68374/"
"getyourguide","madrid","t69643","38","EUR","4.5","196","gratis 24h","si","https://www.getyourguide.es/madrid-l46/madrid-sightseeing-e-bike-tour-t69643/"
"getyourguide","madrid","t69761","48","EUR","4.7","758","gratis 24h","si","https://www.getyourguide.es/madrid-l46/espectaculo-flamenco-de-madrid-en-el-tablao-las-carboneras-t69761/"
"getyourguide","madrid","t708104","62","EUR","4.7","342","gratis 24h","si","https://www.getyourguide.es/madrid-l46/madrid-tour-de-tapas-y-vino-con-visita-a-una-azotea-t708104/"
"getyourguide","madrid","t739468","73","EUR","4.4","158","gratis 24h","si","https://www.getyourguide.es/madrid-l46/desde-madrid-excursion-de-un-dia-con-guia-a-chinchon-aranjuez-y-toledo-t739468/"
"getyourguide","madrid","t74139","59","EUR","4.9","147","gratis 24h","no","https://www.getyourguide.es/madrid-l46/madrid-tapas-and-delicacies-guided-food-tour-t74139/"
"getyourguide","madrid","t892275","32","EUR","4.9","55","gratis 24h","si","https://www.getyourguide.es/madrid-l46/madrid-tour-a-pie-historico-en-grupo-reducido-t892275/"
"getyourguide","madrid","t92208","29.05","EUR","4.3","676","gratis 24h","si","https://www.getyourguide.es/madrid-l46/madrid-visita-al-museo-reina-sofia-t92208/"
"getyourguide","madrid","t933622","31","EUR","4.8","73","gratis 24h","si","https://www.getyourguide.es/madrid-l46/magic-retiro-park-bike-tour-t933622/"
"getyourguide","madrid","t974238","95","EUR","5","2","gratis 24h","no","https://www.getyourguide.es/madrid-l46/madrid-aventura-de-vino-y-tapas-t974238/"
"getyourguide","sevilla","t1014366","39","EUR","4.5","850","gratis 24h","si","https://www.getyourguide.es/seville-l48/cathedral-and-giralda-entry-ticket-with-audio-guide-t1014366/"
"getyourguide","sevilla","t1260039","48","EUR","4.9","22","gratis 24h","si","https://www.getyourguide.es/seville-l48/flamenco-show-at-tablao-el-arenal-t1260039/"
"getyourguide","sevilla","t1277605","32","EUR","4.8","35","gratis 24h","si","https://www.getyourguide.es/seville-l48/seville-guided-walking-tour-with-plaza-de-espana-visit-t1277605/"
"getyourguide","sevilla","t131913","15","EUR","4.6","3500","no reembolsable","si","https://www.getyourguide.es/seville-l48/seville-cathedral-and-la-giralda-entry-ticket-t131913/"
"getyourguide","sevilla","t179534","75","EUR","4.9","1848","gratis 24h","si","https://www.getyourguide.com/seville-l48/seville-tapas-crawl-t179534/"
"getyourguide","sevilla","t220767","42","EUR","4.9","58","gratis 24h","si","https://www.getyourguide.com/seville-l48/seville-paella-and-sangria-experience-t220767/"
"getyourguide","sevilla","t26951","60","EUR","4.8","48","gratis 24h","si","https://www.getyourguide.es/seville-l48/3-hour-tapas-tour-in-sevilla-t26951/"
"getyourguide","sevilla","t292115","27","EUR","4.5","1784","gratis 24h","si","https://www.getyourguide.es/seville-l48/seville-bullring-guided-tour-with-a-skip-the-line-ticket-t292115/"
"getyourguide","sevilla","t294545","69","EUR","4.7","50","gratis 24h","si","https://www.getyourguide.com/seville-l48/seville-tastes-tapas-and-traditions-food-tour-t294545/"
"getyourguide","sevilla","t302548","15","EUR","4.7","3823","gratis 24h","si","https://www.getyourguide.es/seville-l48/las-duenas-palace-entry-ticket-and-audio-guide-t302548/"
"getyourguide","sevilla","t312898","32","EUR","4.8","6456","gratis 24h","si","https://www.getyourguide.es/seville-l48/seville-puro-flamenco-show-with-optional-museum-ticket-t312898/"
"getyourguide","sevilla","t336556","26","EUR","4.8","13526","gratis 24h","si","https://www.getyourguide.es/seville-l48/seville-casa-de-la-memoria-flamenco-show-t336556/"
"getyourguide","sevilla","t3673","28","EUR","4","4954","gratis 24h","si","https://www.getyourguide.es/seville-l48/seville-hop-on-hop-off-tour-24h-ticket-t3673/"
"getyourguide","sevilla","t396762","39","EUR","4.4","510","gratis 24h","si","https://www.getyourguide.es/seville-l48/royal-alcazar-of-seville-skip-the-line-guided-tour-t396762/"
"getyourguide","sevilla","t408947","27","EUR","4.7","18292","gratis 24h","si","https://www.getyourguide.es/seville-l48/seville-live-flamenco-dancing-show-ticket-at-the-theater-t408947/"
"getyourguide","sevilla","t418633","13","EUR","4.5","200","gratis 24h","si","https://www.getyourguide.es/seville-l48/seville-casa-de-pilatos-ticket-t418633/"
"getyourguide","sevilla","t418722","17","EUR","4.2","11157","gratis 24h","si","https://www.getyourguide.es/seville-l48/seville-1-hour-guadalquivir-river-sightseeing-eco-cruise-t418722/"
"getyourguide","sevilla","t436073","25","EUR","4.7","4363","gratis 24h","si","https://www.getyourguide.es/seville-l48/seville-flamenco-triana-theater-live-flamenco-show-t436073/"
"getyourguide","sevilla","t491580","49.5","EUR","4.9","180","gratis 24h","si","https://www.getyourguide.com/seville-l48/seville-small-group-alcazar-guided-tour-entry-ticket-t491580/"
"getyourguide","sevilla","t491716","26","EUR","4.9","1475","gratis 24h","si","https://www.getyourguide.es/seville-l48/seville-small-group-city-highlights-walking-tour-t491716/"
"getyourguide","sevilla","t521326","26","EUR","4.7","1746","gratis 24h","si","https://www.getyourguide.es/seville-l48/seville-guadalquivir-river-boat-tour-t521326/"
"getyourguide","sevilla","t67456","47.4","EUR","4.5","4027","gratis 24h","si","https://www.getyourguide.es/seville-l48/pueblos-blancos-and-ronda-t67456/"
"getyourguide","sevilla","t67489","44","EUR","4.5","320","gratis 24h","si","https://www.getyourguide.es/seville-l48/day-trip-italica-from-seville-t67489/"
"getyourguide","sevilla","t67616","230","EUR","4.4","250","gratis 24h","si","https://www.getyourguide.es/seville-l48/tangier-morocco-day-trip-from-seville-t67616/"
"getyourguide","sevilla","t69843","70","EUR","4.9","975","gratis 24h","si","https://www.getyourguide.com/seville-l48/seville-3-hour-spanish-cooking-class-w-dinner-t69843/"
"getyourguide","sevilla","t77605","40","EUR","4.5","2362","gratis 24h","si","https://www.getyourguide.com/seville-l48/seville-cathedral-and-giralda-tower-tour-t77605/"
"getyourguide","sevilla","t800561","53","EUR","4.8","9797","gratis 48h","si","https://www.getyourguide.es/seville-l48/seville-priority-access-cathedral-giralda-alcazar-tour-t800561/"
"getyourguide","sevilla","t83544","95","EUR","4.2","641","gratis 24h","si","https://www.getyourguide.es/seville-l48/seville-bay-of-cadiz-jerez-de-la-frontera-day-tour-t83544/"
"getyourguide","sevilla","t842973","18","EUR","4.6","12014","gratis 24h","si","https://www.getyourguide.es/seville-l48/seville-setas-de-sevilla-entry-ticket-t842973/"
"getyourguide","sevilla","t89625","115","EUR","4.3","280","gratis 24h","si","https://www.getyourguide.es/seville-l48/from-seville-full-day-essential-cordoba-tour-t89625/"
"getyourguide","sevilla","t89805","65","EUR","4.5","2085","gratis 24h","si","https://www.getyourguide.es/seville-l48/seville-monuments-tour-t89805/"
"getyourguide","sevilla","t938632","32","EUR","5","3","gratis 24h","si","https://www.getyourguide.es/seville-l48/seville-the-age-of-discovery-guided-tour-with-monuments-access-t938632/"
"getyourguide","sevilla","t979945","109.99","EUR","4.7","85","gratis 24h","si","https://www.getyourguide.es/cordoba-l1689/from-seville-cordoba-trip-with-mezquita-by-high-speed-train-t979945/"
"viator","barcelona","110975P4","91","EUR","4.7","1242","gratis 24h","no","https://www.viator.com/es-ES/tours/Barcelona/Loving-Gaudi-The-most-original-private-tour-with-skip-the-line-tickets/d562-110975P4"
"viator","barcelona","15932P95","54","EUR","4.9","1431","gratis 24h","no","https://www.viator.com/tours/Barcelona/Barcelona-Gaudis-Sagrada-Familia-Fast-Track-Guided-Tour/d562-15932P95"
"viator","barcelona","17377P55","159","EUR","5","17","gratis 24h","no","https://www.viator.com/es-ES/tours/Barcelona/Casa-Batllo/d562-17377P55"
"viator","barcelona","190179P1","56","EUR","4.7","3414","gratis 24h","no","https://www.viator.com/es-ES/tours/Barcelona/Sagrada-Familia-Guided-express-english-tour/d562-190179P1"
"viator","barcelona","190179P9","30","EUR","4.3","265","gratis 24h","no","https://www.viator.com/es-ES/tours/Barcelona/Guided-Tour-Park-Guell-English-Spanish-or-French-guided-tour/d562-190179P9"
"viator","barcelona","21035P1","74","EUR","4.9","566","gratis 24h","no","https://www.viator.com/es-ES/tours/Barcelona/Montserrat-Half-Day-Tour-Easy-Hike-with-Hotel-Pick-up-from-Barcelona/d562-21035P1"
"viator","barcelona","2140FCBCN","45","EUR","3.9","1319","gratis 24h","no","https://www.viator.com/es-ES/tours/Barcelona/Camp-Nou-Experience-and-Museum-Admission-Ticket/d562-2140FCBCN"
"viator","barcelona","2140SAGRADA","55","EUR","4.4","9278","gratis 24h","no","https://www.viator.com/es-ES/tours/Barcelona/Skip-the-Line-Barcelona-Sagrada-Familia-Tour/d562-2140SAGRADA"
"viator","barcelona","340934P2","32","EUR","4.2","511","gratis 24h","no","https://www.viator.com/es-ES/tours/Barcelona/Park-Guell-Tickets-Skip-The-Line-Entrance/d562-340934P2"
"viator","barcelona","3731P233","24","EUR","4.5","386","gratis 24h","no","https://www.viator.com/es-ES/tours/Barcelona/Park-Guell-Express-Tour-Skip-the-Line-and-Private-Transport-from-City-Center/d562-3731P233"
"viator","barcelona","5587CASAMILA","34","EUR","4.5","1052","gratis 24h","no","https://www.viator.com/es-ES/tours/Barcelona/Skip-the-Line-Gaudis-La-Pedrera-Audio-Tour-in-Barcelona/d562-5587CASAMILA"
"viator","barcelona","56823P23","65","EUR","4.4","2480","gratis 24h","no","https://www.viator.com/es-ES/tours/Barcelona/Sagrada-Familia-Fast-Track-Guided-Tour-with-Towers-Access/d562-56823P23"
"viator","barcelona","5716GOLFWINE","46.64","EUR","4.9","7736","gratis 24h","no","https://www.viator.com/es-ES/tours/Barcelona/Small-Group-Montserrat-Tour-from-Barcelona-Wine-and-Cheese-Tasting-with-Optional-Golf-Round/d562-5716GOLFWINE"
"viator","barcelona","5716P2","54","EUR","4.9","5305","gratis 24h","no","https://www.viator.com/es-ES/tours/Barcelona/Montserrat-Tour-from-Barcelona-Including-Lunch-and-Wine-Tasting-in-Oller-del-Mas/d562-5716P2"
"viator","barcelona","5716P4","59","EUR","4.9","7069","gratis 24h","no","https://www.viator.com/es-ES/tours/Barcelona/Extended-Montserrat-with-Tapas-and-Wine/d562-5716P4"
"viator","barcelona","9866P26","94","EUR","4.8","5579","gratis 24h","no","https://www.viator.com/es-ES/tours/Barcelona/Montserrat-tour/d562-9866P26"
"viator","cordoba","22705P14","18","EUR","4.9","244","gratis 24h","no","https://www.viator.com/tours/Cordoba/Guided-visit-to-Medina-Azahara/d5254-22705P14"
"viator","cordoba","22705P16","34","EUR","4.5","55","gratis 24h","no","https://www.viator.com/tours/Cordoba/Guided-Tour-Jewish-Quarter-and-Mosque-Cathedral-of-Cordoba-with-tickets/d5254-22705P16"
"viator","cordoba","34697P5","30","EUR","4.4","386","gratis 24h","no","https://www.viator.com/tours/Cordoba/Official-Tour-Mosque-Cathedral-of-Cordoba/d5254-34697P5"
"viator","girona","5520738P119","7","EUR","","","gratis 24h","no","https://www.viator.com/tours/Girona/Discover-Girona-and-Costa-Brava-A-Guided-Tour/d23015-5520738P119"
"viator","girona","9866P29","99","EUR","4.9","7496","gratis 24h","no","https://www.viator.com/tours/Barcelona/Girona-and-Costa-Brava-tour/d562-9866P29"
"viator","granada","11131P1","59","EUR","4.7","3183","no reembolsable","no","https://www.viator.com/es-ES/tours/Granada/Alhambra-and-Generalife-Tour-in-small-groups/d554-11131P1"
"viator","granada","121471P1","165","EUR","4.6","67","gratis 24h","no","https://www.viator.com/es-ES/tours/Granada/Cordoba-and-its-Mosque-Tour-from-Granada/d554-121471P1"
"viator","granada","121471P11","135","EUR","4.7","27","gratis 24h","no","https://www.viator.com/es-ES/tours/Granada/Nerja-and-Frijiliana-Day-Trip-from-Granada/d554-121471P11"
"viator","granada","121471P35","56","EUR","4.6","102","no reembolsable","no","https://www.viator.com/es-ES/tours/Granada/Alhambra-guided-tour/d554-121471P35"
"viator","granada","169592P1","67","EUR","4.9","865","gratis 24h","no","https://www.viator.com/es-ES/tours/Granada/Small-Group-Food-Tour-in-Granada/d554-169592P1"
"viator","granada","177568P2","75","EUR","5","85","gratis 24h","no","https://www.viator.com/es-ES/tours/Granada/The-Entertaining-Granada-Tapas-Crawl/d554-177568P2"
"viator","granada","181777P10","79","EUR","5","84","gratis 24h","no","https://www.viator.com/es-ES/tours/Granada/Granada-Nature-Wildlife-and-Authentic-Villages-E-bike-Tour/d554-181777P10"
"viator","granada","181777P7","69","EUR","4.9","116","gratis 24h","no","https://www.viator.com/es-ES/tours/Granada/Granada-Highlights-Tour-with-Tapas-Breaks-by-Electric-Bike/d554-181777P7"
"viator","granada","19234P15","29","EUR","4.7","595","gratis 24h","no","https://www.viator.com/es-ES/tours/Granada/Granada-Walking-Tour-of-Albaicin-and-Sacromonte/d554-19234P15"
"viator","granada","3443CITALHVIA","89","EUR","4.6","925","no reembolsable","no","https://www.viator.com/es-ES/tours/Granada/Alhambra-Private-Small-Group-Tour-and-Nasrid-Palaces-Skip-the-Line/d554-3443CITALHVIA"
"viator","granada","3443G4","69","EUR","4.5","52","gratis 24h","no","https://www.viator.com/es-ES/tours/Granada/Tropical-Coast-and-Caves-of-Nerja-Day-Trip-with-Lunch-from-Granada/d554-3443G4"
"viator","granada","3443G5","71.31","EUR","4.6","138","gratis 24h","no","https://www.viator.com/es-ES/tours/Granada/Las-Alpujarras-Full-Day-Tour-with-Optional-Lunch-from-Granada/d554-3443G5"
"viator","granada","419048P1","35","EUR","4.9","101","gratis 24h","no","https://www.viator.com/es-ES/tours/Granada/Tapas-tour-in-Granada/d554-419048P1"
"viator","granada","423057P1","105","EUR","4.7","170","gratis 24h","no","https://www.viator.com/es-ES/tours/Granada/3-Hour-Private-Tour-to-the-Alhambra/d554-423057P1"
"viator","granada","8297P4","65","EUR","4.9","95","gratis 24h","no","https://www.viator.com/es-ES/tours/Granada/Hiking-Experience-in-Sierra-Nevada-from-Granada/d554-8297P4"
"viator","madrid","104043P8","310","EUR","5","660","gratis 24h","no","https://www.viator.com/es-ES/tours/Madrid/Private-tour-to-Toledo-from-Madrid-with-licensed-guide-and-private-driver/d566-104043P8"
"viator","madrid","109384P93","65","EUR","5","151","gratis 24h","no","https://www.viator.com/tours/Madrid/Tipsy-Tapas-Walking-Tour-with-Food-and-Drinks/d566-109384P93"
"viator","madrid","110971P29","35","EUR","3.9","12","gratis 24h","no","https://www.viator.com/es-ES/tours/Madrid/Toledo-Tour-on-your-Own-with-Walking-Tour-Included/d566-110971P29"
"viator","madrid","110971P4","62","EUR","4.8","2706","gratis 24h","no","https://www.viator.com/es-ES/tours/Madrid/Escorial-y-Valle-de-los-Caidos-con-Tickets-Included-from-Madrid/d566-110971P4"
"viator","madrid","110971P5","79","EUR","4.8","7252","gratis 24h","no","https://www.viator.com/es-ES/tours/Madrid/Toledo-Full-Day-with-Cathedral-from-Madrid/d566-110971P5"
"viator","madrid","13557P3","60.05","EUR","5","178","gratis 24h","no","https://www.viator.com/tours/Madrid/Cured-Meats-Cheese-and-Wine-Tasting-Tour-in-Madrid/d566-13557P3"
"viator","madrid","135793P1","20","EUR","4.7","325","gratis 24h","no","https://www.viator.com/tours/Madrid/Spanish-Inquisition-Tour-and-Ghost-Stories-of-Madrid/d566-135793P1"
"viator","madrid","144457P1","125","EUR","4.7","91","gratis 24h","no","https://www.viator.com/es-ES/tours/Madrid/Private-Tour-2H-Prado-Museum/d566-144457P1"
"viator","madrid","2140JTEMA13","71","EUR","3.3","132","no reembolsable","no","https://www.viator.com/tours/Madrid/Madrid-City-Tour-and-Santiago-Bernabeu-Stadium/d566-2140JTEMA13"
"viator","madrid","2140JTEMA20","29","EUR","4.5","6033","gratis 24h","no","https://www.viator.com/es-ES/tours/Madrid/Toledo-Half-Day-or-Full-Day-Trip-from-Madrid/d566-2140JTEMA20"
"viator","madrid","2140LASVENTAS","16","EUR","4.3","110","gratis 24h","no","https://www.viator.com/tours/Madrid/Las-Ventas-Bullring-Entrance-Ticket-and-Audio-Tour/d566-2140LASVENTAS"
"viator","madrid","2140P273","63","EUR","4.2","452","gratis 24h","no","https://www.viator.com/tours/Madrid/Guided-Tour-in-Bernabeu-Stadium/d566-2140P273"
"viator","madrid","2140P294","42","EUR","4.6","247","gratis 24h","no","https://www.viator.com/es-ES/tours/Madrid/Best-of-Segovia-Entrance-to-the-Cathedral-and-the-Alcazar/d566-2140P294"
"viator","madrid","22869P66","29","EUR","4.2","212","gratis 24h","no","https://www.viator.com/tours/Madrid/Guided-Tour-of-Madrids-Reina-Sofia-Museum/d566-22869P66"
"viator","madrid","22869P9","38","EUR","4.6","4637","gratis 24h","no","https://www.viator.com/es-ES/tours/Madrid/Toledo-and-Segovia-Full-Day-Tour-with-an-Optional-Visit-to-Avila/d566-22869P9"
"viator","madrid","22869ROYALPALACEEXC","43","EUR","4.2","497","gratis 24h","no","https://www.viator.com/tours/Madrid/Royal-Palace-of-Madrid-Monolingual-Guided-Tour-with-Fast-Track-Access/d566-22869ROYALPALACEEXC"
"viator","madrid","29788P2","74","EUR","4.8","145","gratis 24h","no","https://www.viator.com/tours/Madrid/Paella-cooking-class/d566-29788P2"
"viator","madrid","322183P1","45","EUR","4.2","32","gratis 24h","no","https://www.viator.com/tours/Madrid/Flamenco-show-at-Tablao-la-Carmela-Puerta-del-Sol-Madrid/d566-322183P1"
"viator","madrid","340934P5","38","EUR","4.7","2170","gratis 24h","no","https://www.viator.com/tours/Madrid/Madrid-Royal-Palace-Guided-Tour-with-Skip-The-Line-Tickets/d566-340934P5"
"viator","madrid","354476P6","117","EUR","5","239","gratis 24h","no","https://www.viator.com/es-ES/tours/Madrid/Local-tapas-tour-with-private-sit-down-dinner-and-bottomless-wine/d566-354476P6"
"viator","madrid","379928P1","125","EUR","4.9","223","gratis 24h","no","https://www.viator.com/es-ES/tours/Madrid/Tour-the-Windmills-of-Don-Quixote-de-la-Mancha-and-Toledo-with-Lunch/d566-379928P1"
"viator","madrid","441637P1","85","EUR","5","287","gratis 24h","no","https://www.viator.com/tours/Madrid/2-Hour-Private-Paella-Cooking-Clases/d566-441637P1"
"viator","madrid","48293P13","54","EUR","4.9","119","gratis 24h","no","https://www.viator.com/es-ES/tours/Madrid/Madrid-Food-Tour/d566-48293P13"
"viator","madrid","56823P10","48","EUR","4.5","856","gratis 24h","no","https://www.viator.com/es-ES/tours/Madrid/Segovia-and-Toledo-from-Madrid-with-Cathedral-and-Alcazar-Access/d566-56823P10"
"viator","madrid","5830WINETAPAS","77","EUR","4.9","3832","gratis 24h","no","https://www.viator.com/es-ES/tours/Madrid/Madrid-Tapas-and-Wine-Tasting-Tour/d566-5830WINETAPAS"
"viator","madrid","5903WALKTOUR","204","EUR","4.6","0","no reembolsable","no","https://www.viator.com/tours/Madrid/Private-Tour-Madrid-Walking-Tour-of-Los-Austrias/d566-5903WALKTOUR"
"viator","madrid","5995P34","42","EUR","5","5","gratis 24h","no","https://www.viator.com/tours/Madrid/Retiro-park-and-Literary-Quarter-by-e-bike/d566-5995P34"
"viator","madrid","65969P1","25","EUR","4.4","188","gratis 24h","no","https://www.viator.com/tours/Madrid/Wanda-Metropolitano-Entrance-Ticket/d566-65969P1"
"viator","madrid","68331P12","45","EUR","4.6","5","gratis 24h","no","https://www.viator.com/tours/Madrid/E-Bike-Tour-chasing-the-best-Sunset-in-Madrid/d566-68331P12"
"viator","madrid","6874P121","110","EUR","4.9","2658","gratis 24h","no","https://www.viator.com/es-ES/tours/Madrid/Toledo-City-Tour-and-Winery-Experience-with-Wine-Tasting-from-Madrid/d566-6874P121"
"viator","madrid","6874P162","90","EUR","4.9","222","gratis 24h","no","https://www.viator.com/es-ES/tours/Madrid/Toledo-city-tour-with-high-speed-train-from-Madrid/d566-6874P162"
"viator","madrid","6874P84","97.99","EUR","5","2146","gratis 24h","no","https://www.viator.com/es-ES/tours/Madrid/Market-Bites-and-Tapas-Local-Gastronomic-Dining-Experience/d566-6874P84"
"viator","madrid","6874P88","89.99","EUR","4.8","9118","gratis 24h","no","https://www.viator.com/es-ES/tours/Madrid/Three-Cities-in-One-Day-Segovia-Avila-and-Toledo-from-Madrid/d566-6874P88"
"viator","madrid","70755P1","38","EUR","4.7","23","gratis 24h","no","https://www.viator.com/tours/Madrid/Flamenco-Show-with-Tapa-and-a-Drink/d566-70755P1"
"viator","madrid","72567P5","37","EUR","4.8","282","gratis 24h","no","https://www.viator.com/tours/Madrid/Retiro-Park-Segway-Tour/d566-72567P5"
"viator","madrid","7812P9","64.8","EUR","5","840","gratis 24h","no","https://www.viator.com/es-ES/tours/Madrid/Tapas-and-food-tour-of-Madrid/d566-7812P9"
"viator","madrid","8512P81","72","EUR","4.5","1405","gratis 24h","no","https://www.viator.com/es-ES/tours/Madrid/El-Prado-Museum-and-Madrid-Royal-Palace-Guided-Tour-tickets-included/d566-8512P81"
"viator","madrid","8512P83","39","EUR","4.8","549","gratis 24h","no","https://www.viator.com/es-ES/tours/Madrid/El-Prado-Museum-of-Madrid-Guided-Tour-Tickets-included-and-Skip-the-line/d566-8512P83"
"viator","madrid","8648P4","59","EUR","4.9","1163","gratis 24h","no","https://www.viator.com/es-ES/tours/Madrid/Avila-Segovia-Full-day/d566-8648P4"
"viator","madrid","86817P1","34","EUR","4.8","1790","gratis 24h","no","https://www.viator.com/tours/Madrid/Essential-Flamenco-Admission-Ticket/d566-86817P1"
"viator","malaga","199554P3","25","EUR","4.9","7","gratis 24h","no","https://www.viator.com/tours/Malaga/Discover-Malaga-City-tour-and-Alcazaba-3-hours-tour/d956-199554P3"
"viator","malaga","384801P1","66","EUR","4.8","726","gratis 24h","no","https://www.viator.com/tours/Malaga/Excursion-to-Caminito-del-Rey-from-Malaga/d956-384801P1"
"viator","malaga","5502350P1","45","EUR","4.8","40","gratis 24h","no","https://www.viator.com/tours/Malaga/Malaga-Picasso-Museum-Tour-Expert-Art-Guide-with-tickets/d956-5502350P1"
"viator","valencia","102062P1","65","EUR","4.97","1005","gratis 24h","no","https://www.viator.com/tours/Valencia/Workshop-Valencian-Paella-and-Visit-Ruzafa-Market/d811-102062P1"
"viator","valencia","276333P2","29","EUR","4.7","289","gratis 24h","no","https://www.viator.com/tours/Valencia/Bike-Tour-Valencia/d811-276333P2"